Model,Test Accuracy,CV Mean,CV Std
Logistic Regression,0.6666666666666666,0.6361111111111112,0.08258927081843613
Random Forest,0.5555555555555556,0.5972222222222222,0.16149379837498481
KNN,0.5555555555555556,0.5944444444444444,0.1048220125784067
SVM,0.4444444444444444,0.45555555555555555,0.022222222222222233
Gradient Boosting,0.4444444444444444,0.5444444444444445,0.12372809695177826
Neural Network,0.4444444444444444,0.5916666666666666,0.04614791034954484
