Model,Test Accuracy,CV Mean,CV Std
Logistic Regression,0.6417910447761194,0.5965174129353233,0.019296368505682386
SVM (RBF),0.582089552238806,0.5843509724106739,0.027527345464420247
MLP Neural Net,0.582089552238806,0.5813658977838082,0.0212243168385352
KNN,0.47761194029850745,0.5454545454545454,0.052646522149225425
Gradient Boosting,0.4626865671641791,0.49412030755314335,0.037955497233919555
Random Forest,0.44776119402985076,0.48507462686567165,0.03108149062674757
