Model,Test Accuracy,CV Mean,CV Std
SVM RBF,0.8094405594405595,0.8128438228438227,0.0035683374719120875
